{
  "position_values": {
    "NFL": {
      "QUARTERBACK": {
        "elite": 4.5,
        "above_average": 3.0,
        "average": 2.0,
        "backup": 0.5
      },
      "RUNNING_BACK": {
        "elite": 2.5,
        "above_average": 1.8,
        "average": 1.2,
        "backup": 0.4
      },
      "WIDE_RECEIVER": {
        "wr1": 1.8,
        "wr2": 1.0,
        "wr3": 0.5,
        "slot": 0.8
      },
      "TIGHT_END": {
        "elite": 1.2,
        "above_average": 0.8,
        "average": 0.5,
        "blocking": 0.3
      },
      "OFFENSIVE_LINE": {
        "left_tackle": 1.0,
        "center": 0.8,
        "guard": 0.5,
        "right_tackle": 0.7
      },
      "DEFENSIVE_LINE": {
        "elite_rusher": 1.5,
        "above_average": 1.0,
        "run_stuffer": 0.6
      },
      "LINEBACKER": {
        "mike": 1.0,
        "olb_rusher": 0.9,
        "coverage": 0.6
      },
      "DEFENSIVE_BACK": {
        "shutdown_corner": 1.2,
        "cb1": 0.9,
        "cb2": 0.6,
        "safety": 0.7,
        "nickel": 0.5
      },
      "SPECIAL_TEAMS": {
        "kicker": 0.5,
        "punter": 0.2,
        "returner": 0.3
      }
    },
    "NBA": {
      "POINT_GUARD": {
        "superstar": 4.0,
        "all_star": 2.8,
        "starter": 1.8,
        "backup": 0.8
      },
      "SHOOTING_GUARD": {
        "superstar": 3.5,
        "all_star": 2.2,
        "starter": 1.5,
        "backup": 0.6
      },
      "SMALL_FORWARD": {
        "superstar": 4.5,
        "all_star": 2.5,
        "starter": 1.7,
        "backup": 0.7
      },
      "POWER_FORWARD": {
        "superstar": 3.8,
        "all_star": 2.0,
        "starter": 1.4,
        "backup": 0.5
      },
      "CENTER": {
        "superstar": 3.5,
        "all_star": 2.3,
        "starter": 1.6,
        "backup": 0.6
      }
    }
  },
  "injury_multipliers": {
    "CONCUSSION": {
      "immediate": 0.85,
      "recovery_days": 7,
      "lingering": 0.92,
      "reinjury_risk": 1.5
    },
    "HAMSTRING": {
      "immediate": 0.7,
      "recovery_days": 14,
      "lingering": 0.85,
      "reinjury_risk": 2.0
    },
    "KNEE_SPRAIN": {
      "immediate": 0.65,
      "recovery_days": 21,
      "lingering": 0.85,
      "reinjury_risk": 1.3
    },
    "ACL": {
      "immediate": 0.0,
      "recovery_days": 270,
      "lingering": 0.75,
      "reinjury_risk": 1.8
    },
    "MCL": {
      "immediate": 0.6,
      "recovery_days": 28,
      "lingering": 0.82,
      "reinjury_risk": 1.4
    },
    "ANKLE_SPRAIN": {
      "immediate": 0.8,
      "recovery_days": 10,
      "lingering": 0.9,
      "reinjury_risk": 1.6
    },
    "HIGH_ANKLE": {
      "immediate": 0.65,
      "recovery_days": 42,
      "lingering": 0.85,
      "reinjury_risk": 1.7
    },
    "GROIN": {
      "immediate": 0.76,
      "recovery_days": 14,
      "lingering": 0.87,
      "reinjury_risk": 1.8
    },
    "QUADRICEPS": {
      "immediate": 0.77,
      "recovery_days": 10,
      "lingering": 0.89,
      "reinjury_risk": 1.5
    },
    "CALF": {
      "immediate": 0.79,
      "recovery_days": 10,
      "lingering": 0.91,
      "reinjury_risk": 1.4
    },
    "ACHILLES": {
      "immediate": 0.0,
      "recovery_days": 365,
      "lingering": 0.7,
      "reinjury_risk": 2.5
    },
    "SHOULDER": {
      "immediate": 0.75,
      "recovery_days": 14,
      "lingering": 0.88,
      "reinjury_risk": 1.6
    },
    "ELBOW": {
      "immediate": 0.78,
      "recovery_days": 14,
      "lingering": 0.9,
      "reinjury_risk": 1.4
    },
    "WRIST": {
      "immediate": 0.82,
      "recovery_days": 14,
      "lingering": 0.92,
      "reinjury_risk": 1.3
    },
    "HAND": {
      "immediate": 0.85,
      "recovery_days": 21,
      "lingering": 0.93,
      "reinjury_risk": 1.2
    },
    "BACK": {
      "immediate": 0.7,
      "recovery_days": 21,
      "lingering": 0.85,
      "reinjury_risk": 2.0
    },
    "RIBS": {
      "immediate": 0.75,
      "recovery_days": 14,
      "lingering": 0.9,
      "reinjury_risk": 1.3
    },
    "HIP": {
      "immediate": 0.73,
      "recovery_days": 21,
      "lingering": 0.86,
      "reinjury_risk": 1.7
    },
    "QUESTIONABLE": {
      "immediate": 0.92,
      "recovery_days": 0,
      "lingering": 0.98,
      "reinjury_risk": 1.0
    },
    "DOUBTFUL": {
      "immediate": 0.25,
      "recovery_days": 0,
      "lingering": 0.85,
      "reinjury_risk": 1.0
    },
    "OUT": {
      "immediate": 0.0,
      "recovery_days": 0,
      "lingering": 0.0,
      "reinjury_risk": 1.0
    },
    "IR": {
      "immediate": 0.0,
      "recovery_days": 28,
      "lingering": 0.8,
      "reinjury_risk": 1.5
    }
  },
  "betting_thresholds": {
    "STRONG_PLAY": 3.0,
    "MODERATE_PLAY": 2.0,
    "LEAN": 1.0,
    "NO_PLAY": 0.5,
    "HIGH_CONFIDENCE": 4.0,
    "MEDIUM_CONFIDENCE": 2.0,
    "LOW_CONFIDENCE": 1.0
  },
  "market_adjustments": {
    "UNDERREACTION_FACTOR": 0.85,
    "STAR_PLAYER_OVERREACTION": 1.15,
    "BACKUP_QUALITY_IGNORED": 0.7,
    "MULTIPLE_INJURIES_COMPOUND": 1.25,
    "PLAYOFF_MULTIPLIER": 1.3,
    "DIVISION_GAME_MULTIPLIER": 1.15,
    "WEATHER_INJURY_COMPOUND": 1.2
  },
  "responses": {
    "CRITICAL": {
      "threshold": 7.0,
      "responses": [
        "\ud83d\udea8 CRITICAL: {total_impact:.1f} point injury disadvantage. Historical win rate: 23%. STRONG FADE.",
        "\ud83d\udea8 SEVERE DEPLETION: Missing {critical_count} key players worth {total_impact:.1f} points. Line hasn't adjusted. HAMMER THE OPPONENT.",
        "\ud83d\udea8 SYSTEMIC FAILURE: Injuries creating {total_impact:.1f} point swing. This is a Billy Walters PRIME PLAY situation."
      ]
    },
    "MAJOR": {
      "threshold": 4.0,
      "responses": [
        "\u26a0\ufe0f MAJOR: {total_impact:.1f} point injury impact. {team} at 35% strength in {position_group}. Clear fade.",
        "\u26a0\ufe0f SIGNIFICANT: Lost {total_impact:.1f} points of value. Market showing only {market_move:.1f} adjustment. EXPLOIT THE GAP.",
        "\u26a0\ufe0f KEY LOSSES: {critical_players} out. Statistical impact: {total_impact:.1f} points. Take the opponent."
      ]
    },
    "MODERATE": {
      "threshold": 2.0,
      "responses": [
        "\ud83d\udcca MODERATE: {total_impact:.1f} point injury adjustment needed. {specific_impact}. Lean {recommendation}.",
        "\ud83d\udcca NOTABLE: {injured_count} players limited. Net impact: {total_impact:.1f} points. Consider {bet_type}.",
        "\ud83d\udcca EDGE DETECTED: Injuries worth {total_impact:.1f} points but line moved only {market_move:.1f}. Value on {team}."
      ]
    },
    "MINOR": {
      "threshold": 1.0,
      "responses": [
        "\u2713 MINOR: {total_impact:.1f} point impact. Within normal variance. No significant edge.",
        "\u2713 MANAGEABLE: Depth can cover. Impact under {total_impact:.1f} points. Proceed with other factors.",
        "\u2713 LIMITED IMPACT: Injuries affecting only {total_impact:.1f} points. Focus on other edges."
      ]
    },
    "NEGLIGIBLE": {
      "threshold": 0.0,
      "responses": [
        "\u2705 HEALTHY: No meaningful injury impact detected. Look elsewhere for edges.",
        "\u2705 FULL STRENGTH: All key players available. Standard handicapping applies.",
        "\u2705 OPTIMAL: Injury report clean. This game comes down to matchups and execution."
      ]
    }
  },
  "position_groups": {
    "NFL": {
      "OFFENSIVE_LINE_CRISIS": {
        "threshold": 2,
        "impact": "Sack rate +68%, QB pressure +45%, rushing -1.2 YPC",
        "betting": "Strong UNDER correlation (62% hit rate)"
      },
      "SECONDARY_DEPLETED": {
        "threshold": 2,
        "impact": "Opposing pass yards +85, completion% +8%, big plays +40%",
        "betting": "Strong OVER correlation (59% hit rate)"
      },
      "SKILL_POSITION_LOSSES": {
        "threshold": 3,
        "impact": "Red zone efficiency -22%, third down% -15%",
        "betting": "UNDER lean, especially in division games"
      }
    },
    "NBA": {
      "BACKCOURT_DEPLETED": {
        "threshold": 1,
        "impact": "Assist rate -18%, turnover rate +12%, pace -3.5 possessions",
        "betting": "Strong UNDER (64% when line doesn't adjust 3+ points)"
      },
      "FRONTCOURT_MISSING": {
        "threshold": 2,
        "impact": "Rebounding% -8%, paint points allowed +14",
        "betting": "Opponent team total OVER"
      },
      "STAR_OUT": {
        "threshold": 25,
        "impact": "Team efficiency -4.5 points per 100 possessions",
        "betting": "Fade team ATS (57% win rate)"
      }
    }
  },
  "principles": {
    "1": "Never trust the injury report at face value - dig deeper",
    "2": "Markets overvalue stars, undervalue role players",
    "3": "Multiple mid-level injuries > one star injury",
    "4": "Recovery timelines are predictable - use them",
    "5": "Backup quality matters more than markets price",
    "6": "Injuries compound with weather/schedule/travel",
    "7": "Division rivals know how to exploit specific injuries",
    "8": "Playoff injuries matter 30% more than regular season",
    "9": "Young players recover faster, veterans decline more",
    "10": "Second injury to same area = exponential impact"
  },
  "formulas": {
    "PLAYER_VALUE": "Position_Base * (Win_Shares/10) * (Usage/25) * Recent_Form * Clutch_Factor",
    "INJURY_IMPACT": "Player_Value * (1 - Injury_Multiplier) * Recovery_Progress",
    "TEAM_IMPACT": "SUM(All_Player_Impacts) * Position_Group_Multiplier * Game_Context",
    "BETTING_EDGE": "True_Impact * 0.85 - Market_Movement",
    "EXPECTED_VALUE": "Edge * Win_Probability - (1 - Win_Probability)",
    "KELLY_CRITERION": "(Win_Prob * Odds - (1 - Win_Prob)) / Odds * 0.25"
  }
}