event,status
114511686,OK
114511688,OK
114511687,OK
114511550,OK
114511549,OK
114515280,OK
114511548,OK
114515281,OK
114515282,OK
114515283,OK
114515279,OK
114511547,OK
114511698,OK
114517597,OK
114517598,OK
114511699,OK
114515387,OK
114511558,OK
114511534,OK
114511574,OK
114511587,OK
114511660,OK
114511743,OK
114511690,OK
114511689,OK
114511481,OK
114511478,OK
114511480,OK
114511477,OK
114511479,OK
114511559,OK
114511563,OK
114511562,OK
114511561,OK
114511560,OK
114511538,OK
114511536,OK
114511535,OK
114511537,OK
114511575,OK
114511576,OK
114511577,OK
114511588,OK
114511589,OK
114511590,OK
114511591,OK
114511663,OK
114511664,OK
114511662,OK
114511661,OK
114511746,OK
114504204,OK
114504206,OK
114504205,OK
114504210,OK
114504224,OK
114504218,OK
114504227,OK
114504225,OK
114504226,OK
114504209,OK
114504233,OK
114504241,OK
114504215,OK
114504213,OK
114504243,OK
114504229,OK
114504234,OK
114504232,OK
114504216,OK
114504208,OK
114504207,OK
114504236,OK
114504219,OK
114504240,OK
114504235,OK
114504212,OK
114504228,OK
114504230,OK
114504221,OK
114504220,OK
114504223,OK
114504222,OK
114504211,OK
114504217,OK
114504231,OK
114504214,OK
114504237,OK
114504239,OK
114504238,OK
114504242,OK
114504244,OK
114511691,OK
114511692,OK
114511693,OK
114515386,OK
114515269,OK
114515266,OK
114515268,OK
114515270,OK
114515267,OK
114515291,OK
114515289,OK
114515290,OK
114515274,OK
114515272,OK
114515275,OK
114515276,OK
114515273,OK
114515301,OK
114515300,OK
114515298,OK
114515297,OK
114515299,OK
114515302,OK
114515304,OK
114515303,OK
114515305,OK
114515361,OK
114515359,OK
114515362,OK
114515360,OK
114504246,OK
114504245,OK
114504247,OK
114504248,OK
114482806,OK
114482811,OK
114482812,OK
114482810,OK
114482807,OK
114482808,OK
114482813,OK
114482809,OK
114514430,OK
114482816,OK
114514431,OK
114482817,OK
114482818,OK
